time, altitude, axis Z angle, vertical acc, vertical vel, horizontal acc, horizontal vel
1,29956.69554,148.3,-0.203676654,-43.2026175,-1.110091512,1698.889908
2,29913.16905,147.3,0.870762877,-43.41816373,-0.815405804,1697.714786
3,29871.05718,147.3,0.870349105,-42.54703631,-0.815746322,1696.89904
4,29829.81583,148.3,-0.21840362,-41.67632235,-1.176103929,1696.082953
5,29787.81121,148.3,-0.219615951,-41.8948157,-1.176595487,1694.906358
6,29745.58627,147.3,0.868420239,-42.11452144,-0.816769585,1693.72927
7,29704.77454,147.3,0.868006385,-41.24573544,-0.817111243,1692.912159
8,29664.83097,148.3,-0.222568211,-40.37736298,-1.17807263,1692.094706
9,29624.11906,148.3,-0.223782723,-40.60002121,-1.178565836,1690.91614
10,29583.18267,147.3,0.866076125,-40.82389403,-0.818137935,1689.73708
11,29543.65805,147.3,0.865662192,-39.95745091,-0.818480739,1688.9186
12,29504.99925,148.3,-0.226740383,-39.09142142,-1.180047933,1688.099776
13,29465.56702,148.3,-0.227957083,-39.31825212,-1.180542795,1686.919233
14,29425.90613,147.3,0.86373054,-39.54629961,-0.819510878,1685.738195
15,29387.65559,147.3,0.863316529,-38.68220084,-0.819854834,1684.91834
16,29350.26852,148.3,-0.230920163,-37.81851578,-1.182029872,1684.098141
17,29312.10293,148.3,-0.23213906,-38.04952657,-1.182526397,1682.915615
18,29273.70449,147.3,0.861383486,-38.28175633,-0.820888436,1681.732591
19,29236.71497,147.3,0.860969398,-37.42000338,-0.82123355,1680.911358
20,29200.58659,148.3,-0.235107579,-36.5586642,-1.184018479,1680.089779
21,29163.67456,148.3,-0.23632868,-36.79386271,-1.184516676,1678.905262
22,29126.5255,147.3,0.859034967,-37.0302824,-0.822270634,1677.720247
23,29090.78394,147.3,0.858620805,-36.17087673,-0.822616911,1676.89763
24,29055.90116,148.3,-0.239302659,-35.3118849,-1.186013788,1676.074666
25,29020.22961,148.3,-0.240525972,-35.5512788,-1.186513667,1674.888153
26,28984.31684,147.3,0.856684986,-35.79189608,-0.823657494,1673.701139
27,28949.81014,147.3,0.856270751,-34.93483914,-0.82400494,1672.877134
28,28916.15987,148.3,-0.243505431,-34.07819611,-1.188015834,1672.052781
29,28881.71571,148.3,-0.244730964,-34.32179309,-1.188517402,1670.864264
30,28847.02612,147.3,0.854333547,-34.56661567,-0.82504904,1669.675244
31,28813.74117,147.3,0.853919242,-33.71190891,-0.825397662,1668.849847
32,28781.31031,148.3,-0.247715922,-32.85761613,-1.19002465,1668.0241
33,28748.08041,148.3,-0.248943683,-33.10542391,-1.190527916,1666.833572
34,28714.60086,147.3,0.851980653,-33.35445953,-0.826445296,1665.642541
35,28682.52454,147.3,0.851566279,-32.50210439,-0.826795099,1664.815745
36,28651.29996,148.3,-0.251934161,-31.6501633,-1.192040271,1663.9886
37,28619.27118,148.3,-0.253164159,-31.90218964,-1.192545244,1662.796055
38,28586.98854,147.3,0.849626308,-32.15544604,-0.827846286,1661.603004
39,28556.1077,147.3,0.849211867,-31.30544398,-0.828197276,1660.774807
40,28526.07624,148.3,-0.256160177,-30.45585603,-1.194062732,1659.946259
41,28495.23544,148.3,-0.257392419,-30.71210869,-1.19456942,1658.751689
42,28464.13653,147.3,0.847270516,-30.96959367,-0.829252034,1657.556613
43,28434.43802,147.3,0.84685601,-30.12194612,-0.829604218,1656.727008
44,28405.58652,148.3,-0.260393997,-29.27471276,-1.196092067,1655.897052
45,28375.92051,148.3,-0.261628492,-29.53519955,-1.196600479,1654.700451
46,28345.99216,147.3,0.84491328,-29.79692092,-0.830662564,1653.503342
47,28317.46278,147.3,0.844498712,-28.95162932,-0.831015947,1652.672326
48,28289.77807,148.3,-0.264635652,-28.10675197,-1.198128312,1651.840956
49,28261.27365,148.3,-0.265872407,-28.37148073,-1.198638457,1650.642318
50,28232.50265,147.3,0.842554605,-28.63744633,-0.832077901,1649.443169
51,28205.12921,147.3,0.842139975,-27.79451212,-0.83243249,1648.610736
52,28178.59808,148.3,-0.268885168,-26.95199221,-1.200171501,1647.777949
53,28151.24204,148.3,-0.270124193,-27.22097081,-1.200683388,1646.577266
54,28123.61517,147.3,0.840194493,-27.49118851,-0.83349807,1645.37607
55,28097.38445,147.3,0.839779805,-26.65061311,-0.833853869,1644.542216
56,28071.99368,148.3,-0.273142576,-25.81045208,-1.202221672,1643.708006
57,28045.7728,148.3,-0.274383878,-26.08368841,-1.202735309,1642.505271
58,28019.27682,147.3,0.83783295,-26.35816611,-0.834923094,1641.302021
59,27994.17558,147.3,0.837418204,-25.51995095,-0.835280112,1640.466741
60,27969.91193,148.3,-0.277407905,-24.68215021,-1.204278858,1639.631104
61,27944.81295,148.3,-0.278651492,-24.95965219,-1.204794255,1638.426309
62,27919.43461,147.3,0.835469979,-25.23839783,-0.836352999,1637.220999
63,27895.44959,147.3,0.835055178,-24.40254434,-0.836711241,1636.384288
64,27872.29981,148.3,-0.281681184,-23.56710531,-1.206343097,1635.547218
65,27848.30946,148.3,-0.282927065,-23.84888089,-1.206860263,1634.340358
66,27824.03547,147.3,0.833105583,-24.13190243,-0.837787811,1633.13298
67,27801.15341,147.3,0.83269073,-23.29841201,-0.838147283,1632.294833
68,27779.10421,148.3,-0.285962442,-22.46533611,-1.208414424,1631.456326
69,27756.20921,148.3,-0.287210626,-22.75139327,-1.208933368,1630.247393
70,27733.02628,147.3,0.830739769,-23.03869869,-0.839227554,1629.03794
71,27711.23387,147.3,0.830324865,-22.20757276,-0.839588263,1628.198351
72,27690.27196,148.3,-0.290251709,-21.3768614,-1.210492877,1627.358402
73,27668.459,148.3,-0.291502204,-21.66720816,-1.211013608,1626.147389
74,27646.35382,147.3,0.828372538,-21.95880549,-0.840672254,1624.935854
75,27625.63776,147.3,0.827957586,-21.13004546,-0.841034206,1624.09482
76,27605.74983,148.3,-0.294549015,-20.30170005,-1.212578492,1623.253423
77,27585.00558,148.3,-0.295801829,-20.59634444,-1.213101019,1622.040322
78,27563.96481,147.3,0.826003897,-20.89224172,-0.842121936,1620.826698
79,27544.31176,147.3,0.825588897,-20.06584899,-0.842485138,1619.984213
80,27525.48447,148.3,-0.29885439,-19.23987093,-1.214671306,1619.141364
81,27505.7956,148.3,-0.300109533,-19.53882102,-1.215195639,1617.926169
82,27485.80589,147.3,0.823633848,-19.83902634,-0.843576627,1616.710448
83,27467.2025,147.3,0.823218805,-19.01500232,-0.843941085,1615.866507
84,27449.42251,148.3,-0.303167864,-18.191393,-1.216771357,1615.022201
85,27430.77564,148.3,-0.304425344,-18.4946569,-1.217297505,1613.804904
86,27411.82362,147.3,0.821262397,-18.79917836,-0.845036352,1612.58708
87,27394.25651,147.3,0.820847312,-17.97752443,-0.845402073,1611.741678
88,27377.51045,148.3,-0.307489468,-17.15628526,-1.218878682,1610.89591
89,27359.8922,148.3,-0.308749292,-17.46387109,-1.219406654,1609.676503
90,27341.96448,147.3,0.818889548,-17.77271683,-0.846501138,1608.456568
91,27325.42028,147.3,0.818474423,-16.9534344,-0.846868129,1607.6097
92,27309.69474,148.3,-0.311819231,-16.13456675,-1.220993319,1606.762464
93,27293.09172,148.3,-0.31308141,-16.44648268,-1.221523125,1605.540941
94,27276.17489,147.3,0.816515306,-16.75966088,-0.847971011,1604.318888
95,27260.64019,147.3,0.816100143,-15.94275132,-0.848339277,1603.470548
96,27245.92177,148.3,-0.316157185,-15.12625658,-1.223115306,1602.621841
97,27230.32055,148.3,-0.317421727,-15.44251081,-1.223646955,1601.398194
98,27214.40118,147.3,0.814139675,-15.76002966,-0.849445997,1600.174015
99,27199.86255,147.3,0.813724476,-14.94549436,-0.849815546,1599.324199
100,27186.13783,148.3,-0.320503361,-14.13137391,-1.225244681,1598.474014
101,27171.52497,148.3,-0.321770274,-14.45197465,-1.225778184,1597.248235
102,27156.5896,147.3,0.81176266,-14.77384238,-0.850926124,1596.021923
103,27143.0336,147.3,0.811347428,-13.96168272,-0.851296962,1595.170626
104,27130.28912,148.3,-0.324857789,-13.14993794,-1.227381484,1594.318958
105,27116.65117,148.3,-0.326127082,-13.47489344,-1.22791685,1593.091041
106,27102.68635,147.3,0.809384266,-13.80111833,-0.852411418,1591.862589
107,27090.0995,147.3,0.808969003,-12.99133567,-0.852783552,1591.009805
108,27078.32181,148.3,-0.3292205,-12.18196792,-1.229525753,1590.156649
109,27065.64528,148.3,-0.330492183,-12.51128648,-1.230062991,1588.926586
110,27052.63752,147.3,0.807004497,-12.84187681,-0.853901905,1587.695985
111,27041.00634,147.3,0.806589206,-12.03447253,-0.854275342,1586.84171
112,27030.18194,148.3,-0.333591526,-11.22748318,-1.231677527,1585.987061
113,27018.45334,148.3,-0.334865608,-11.56117311,-1.232216648,1584.754844
114,27006.38913,147.3,0.804623359,-11.89613721,-0.855397615,1583.522088
115,26995.70012,147.3,0.804208042,-11.09111266,-0.855772361,1582.666316
116,26985.81551,148.3,-0.337970899,-10.28650308,-1.233836846,1581.810168
117,26975.02132,148.3,-0.339247389,-10.62457272,-1.234377859,1580.57579
118,26963.88714,147.3,0.802240857,-10.96391895,-0.856898573,1579.340871
119,26954.12677,147.3,0.801825515,-10.16127549,-0.857274636,1578.483596
120,26945.16843,148.3,-0.34235865,-9.359047021,-1.236003749,1577.625945
121,26935.29511,148.3,-0.343637556,-9.701504766,-1.236546665,1576.389399
122,26925.07741,147.3,0.799856995,-10.0452415,-0.858404808,1575.152309
123,26916.23215,147.3,0.799441632,-9.244980493,-0.858782195,1574.293526
124,26908.18653,148.3,-0.346754812,-8.44513449,-1.238178277,1573.434367
125,26899.22052,148.3,-0.348036143,-8.791988745,-1.238723105,1572.195643
126,26889.90574,147.3,0.797471779,-9.14012442,-0.859916348,1570.956375
127,26881.96202,147.3,0.797056397,-8.3422472,-0.860295065,1570.09608
128,26874.81555,148.3,-0.351159415,-7.544785005,-1.24036047,1569.235406
129,26866.74329,148.3,-0.352443181,-7.896044215,-1.24090722,1567.994499
130,26858.31784,147.3,0.795085214,-8.248587279,-0.86143322,1566.753044
131,26851.26208,147.3,0.794669815,-7.453095193,-0.861813275,1565.891231
132,26845.00118,148.3,-0.355572493,-6.658018145,-1.242550368,1565.029037
133,26837.80906,148.3,-0.356858703,-7.013690786,-1.243099051,1563.785938
134,26830.25934,147.3,0.792697306,-7.370649725,-0.862955454,1562.54229
135,26824.07794,147.3,0.792281893,-6.577544107,-0.863336853,1561.678953
136,26818.68902,148.3,-0.359994078,-5.784853541,-1.244748013,1560.815235
137,26812.36343,148.3,-0.361282741,-6.144948121,-1.245298639,1559.569936
138,26805.67581,147.3,0.790308059,-6.506331453,-0.864483076,1558.324086
139,26800.35514,147.3,0.789892635,-5.715613635,-0.864865827,1557.45922
140,26795.82457,148.3,-0.364424202,-4.925310878,-1.246953445,1556.593971
141,26790.35188,148.3,-0.365715328,-5.289835938,-1.247506025,1555.346465
142,26784.51272,147.3,0.78791748,-5.655652215,-0.866016117,1554.098406
143,26780.03915,147.3,0.787502047,-4.86732352,-0.866400227,1553.232006
144,26776.35328,148.3,-0.368862899,-4.079409895,-1.249166706,1552.365221
145,26771.71983,148.3,-0.370156497,-4.448374011,-1.24972125,1551.1155
146,26766.71547,147.3,0.785525574,-4.818631814,-0.867554604,1549.865224
147,26763.07534,147.3,0.785110134,-4.032693564,-0.867940081,1548.997284
148,26760.22051,148.3,-0.373310201,-3.247170386,-1.251387838,1548.128958
149,26756.41263,148.3,-0.37460628,-3.620582164,-1.251944356,1546.877013
150,26752.22939,147.3,0.783132346,-3.995290112,-0.869098568,1545.624512
151,26749.409,147.3,0.782716902,-3.211743619,-0.869485418,1544.755027
152,26747.37154,148.3,-0.377766141,-2.428612201,-1.253616883,1543.885154
153,26744.37553,148.3,-0.379064712,-2.806480281,-1.254175385,1542.630979
154,26740.9997,147.3,0.780737803,-3.185647024,-0.870648037,1541.376244
155,26738.98537,147.3,0.780322358,-2.404493595,-0.871036268,1540.505208
156,26737.75156,148.3,-0.382230754,-1.623755241,-1.255853883,1539.633783
157,26735.55371,148.3,-0.383531825,-2.006088298,-1.256414381,1538.377369
158,26732.97157,147.3,0.77834195,-2.389722518,-0.872203041,1537.120393
159,26731.74957,147.3,0.777926506,-1.610963457,-0.87259266,1536.247801
160,26731.30571,148.3,-0.386704072,-0.832619466,-1.258098881,1535.374818
161,26729.89228,148.3,-0.388007653,-1.219426208,-1.258661385,1534.116157
162,26728.09008,147.3,0.775944793,-1.607536622,-0.873763609,1532.856932
163,26727.64667,147.3,0.775529353,-0.831173223,-0.874154624,1531.982778
164,26727.97901,148.3,-0.391186129,-0.055224889,-1.260351919,1531.108232
165,26727.33625,148.3,-0.39249223,-0.446514056,-1.26091644,1529.847315
166,26726.30024,147.3,0.773546338,-0.839109417,-0.875329771,1528.585834
167,26726.62166,147.3,0.773130905,-0.06514297,-0.87572219,1527.710112
168,26727.71643,148.3,-0.395676959,0.70840842,-1.262613042,1526.833997
169,26727.83056,148.3,-0.39698559,0.312628053,-1.263179591,1525.570817
170,26727.54695,147.3,0.771146592,-0.084461038,-0.876901559,1524.30707
171,26728.61943,147.3,0.770731168,0.687107172,-0.877295388,1523.429775
172,26730.46284,148.3,-0.400176597,1.458260338,-1.264882292,1522.552086
173,26731.32008,148.3,-0.401487767,1.05797996,-1.26545088,1521.286635
174,26731.77507,147.3,0.76874556,0.656388319,-0.878479001,1520.020615
175,26733.58479,147.3,0.768330148,1.425557016,-0.878874248,1519.14174
176,26736.16306,148.3,-0.404685077,2.194310683,-1.267159714,1518.262471
177,26737.74958,148.3,-0.405998796,1.789521451,-1.267730352,1516.99474
178,26738.92934,147.3,0.766343248,1.383418407,-0.880062128,1515.726439
179,26741.46249,147.3,0.765927851,2.15018632,-0.880458802,1514.84598
180,26744.76179,148.3,-0.409202433,2.916539218,-1.269445352,1513.965124
181,26747.06376,148.3,-0.410518711,2.507232254,-1.27001805,1512.695106
182,26748.95445,147.3,0.763939664,2.096608919,-0.881650972,1511.424515
183,26752.19719,147.3,0.763524285,2.860974782,-0.88204908,1510.542466
184,26756.20367,148.3,-0.4137287,3.624925652,-1.27173925,1509.660018
185,26759.20724,148.3,-0.415047547,3.211092042,-1.27231402,1508.387704
186,26761.79499,147.3,0.761534814,2.795939492,-0.883245563,1507.114815
187,26765.73346,147.3,0.761119455,3.557902048,-0.883645113,1506.23117
188,26770.43326,148.3,-0.418263914,4.319449633,-1.274041453,1505.347125
189,26774.12454,148.3,-0.419585339,3.90108043,-1.274618307,1504.072506
190,26777.39548,147.3,0.759128703,3.481389707,-0.884845933,1502.797311
191,26782.01579,147.3,0.758713368,4.240947705,-0.885246932,1501.912064
192,26787.39503,148.3,-0.422808108,5.000090757,-1.276352007,1501.026415
193,26791.76014,148.3,-0.424132122,4.577176977,-1.276930955,1499.749484
194,26795.70035,147.3,0.75672134,4.152939087,-0.886452113,1498.471974
195,26800.98859,147.3,0.756306031,4.910091282,-0.886854569,1497.585119
196,26807.03336,148.3,-0.42736132,5.666828559,-1.278670956,1496.697862
197,26812.05838,148.3,-0.428687933,5.239361184,-1.279252011,1495.41861
198,26816.65394,147.3,0.75431273,4.810567099,-0.888064134,1494.138776
199,26822.5962,147.3,0.753897451,5.565312252,-0.888468056,1493.250308
200,26829.29259,148.3,-0.431923583,6.31964252,-1.280998348,1492.361436
201,26834.96357,148.3,-0.433252805,5.887612495,-1.28158152,1491.079855
202,26840.20053,147.3,0.751902881,5.45425315,-0.889682029,1489.797689
203,26846.78287,147.3,0.751487634,6.206590032,-0.890087425,1488.907602
204,26854.11692,148.3,-0.436494935,6.958512062,-1.283334227,1488.017109
205,26860.41991,148.3,-0.437826776,6.521910296,-1.283919528,1486.733189
206,26866.28431,147.3,0.749491799,6.083976591,-0.89130583,1485.448684
207,26873.49275,147.3,0.749076587,6.833903977,-0.891712707,1484.556971
208,26881.4505,148.3,-0.441075411,7.583416549,-1.28567864,1483.664851
209,26888.37153,148.3,-0.442409882,7.142233917,-1.286266083,1482.378585
210,26894.84937,147.3,0.747079491,6.699716715,-0.892935569,1481.091731
211,26902.66994,147.3,0.746664318,7.447233388,-0.893343936,1480.198387
212,26911.2374,148.3,-0.445665047,8.194335289,-1.288031635,1479.304634
213,26918.76246,148.3,-0.447002158,7.748562627,-1.28862123,1478.016013
214,26925.83974,147.3,0.744665966,7.301452756,-0.894571279,1476.726802
215,26934.25843,147.3,0.744250834,8.046557507,-0.894981144,1475.831821
216,26943.42159,148.3,-0.450263879,8.791247529,-1.290393259,1474.936429
217,26951.53666,148.3,-0.451603641,8.34087564,-1.290985018,1473.645444
218,26959.19936,147.3,0.742251229,7.88916389,-0.896212993,1472.353867
219,26968.20213,147.3,0.741836142,8.631855517,-0.896624363,1471.457243
220,26977.94697,148.3,-0.454871946,9.374132461,-1.292763558,1470.560206
221,26986.63802,148.3,-0.456214368,8.919152109,-1.293357494,1469.266849
222,26994.87207,147.3,0.739835289,8.462829234,-0.897860743,1467.972897
223,27004.44489,147.3,0.739420249,9.203106542,-0.898273628,1467.074623
224,27014.75736,148.3,-0.459489282,9.942969218,-1.295142582,1466.175936
225,27024.01031,148.3,-0.460834376,9.483371129,-1.295738706,1464.880198
226,27032.80165,147.3,0.737418153,9.022427847,-0.899514564,1463.583862
227,27042.93044,147.3,0.737003164,9.760289649,-0.899928971,1462.683933
228,27053.79647,148.3,-0.464115926,10.49773687,-1.297530377,1461.78359
229,27063.59725,148.3,-0.465463701,10.03351174,-1.298128703,1460.485461
230,27072.93178,147.3,0.734999828,9.567938726,-0.901174488,1459.186733
231,27083.60246,147.3,0.734584893,10.30338384,-0.901590427,1458.285143
232,27095.00796,148.3,-0.468751914,11.03841444,-1.299926994,1457.383136
233,27105.34246,148.3,-0.470102383,10.56955291,-1.300527532,1456.082609
234,27115.20607,147.3,0.732580322,10.09934081,-0.90284055,1454.78148
235,27126.40453,147.3,0.732165445,10.83236807,-0.903258029,1453.878222
236,27138.33538,148.3,-0.473397285,11.56498087,-1.30233248,1452.974546
237,27149.18948,148.3,-0.474750457,11.09147356,-1.302935243,1451.671611
238,27159.56804,147.3,0.730159643,10.61661299,-0.904512784,1450.368072
239,27171.28013,147.3,0.729744826,11.34722122,-0.904931811,1449.46314
240,27183.72221,148.3,-0.478052076,12.07741506,-1.304746885,1448.557789
241,27195.08176,148.3,-0.479407962,11.59925256,-1.305351886,1447.252437
242,27205.96112,147.3,0.727737799,11.11973407,-0.906191224,1445.94648
243,27218.1727,147.3,0.727323046,11.84792213,-0.906611807,1445.039868
244,27231.11185,148.3,-0.482716324,12.57569585,-1.307170259,1444.132835
245,27242.96268,148.3,-0.484074935,12.09286869,-1.30777751,1442.825058
246,27254.32865,147.3,0.725314798,11.60868282,-0.907875904,1441.516673
247,27267.02555,147.3,0.724900113,12.33444955,-0.908298053,1440.608374
248,27280.44759,148.3,-0.487390069,13.05980202,-1.309602652,1439.699654
249,27292.77552,148.3,-0.488751416,12.5723007,-1.310212165,1438.389442
250,27304.6139,147.3,0.722890649,12.08343793,-0.90956686,1437.078619
251,27317.78192,147.3,0.722476033,12.80678221,-0.909990584,1436.168629
252,27331.67266,148.3,-0.492073349,13.52971228,-1.312044114,1435.258214
253,27344.46347,148.3,-0.493437443,13.03752727,-1.312655903,1433.945558
254,27356.76005,147.3,0.720465358,12.54397806,-0.911264127,1432.63229
255,27370.38497,147.3,0.720050817,13.26489873,-0.911689434,1431.720601
256,27384.73019,148.3,-0.496766202,13.98540529,-1.314494697,1430.808485
257,27397.96965,148.3,-0.498133054,13.48852701,-1.315108773,1429.493377
258,27410.71018,147.3,0.718038935,12.99028177,-0.91296774,1428.177653
259,27424.77777,147.3,0.717624472,13.70877772,-0.913394639,1427.264259
260,27439.56324,148.3,-0.501468667,14.42685965,-1.31695445,1426.350437
261,27453.2371,148.3,-0.502838288,13.92527848,-1.317570828,1425.032866
262,27466.40732,147.3,0.715611389,13.42232758,-0.914677734,1423.714678
263,27480.90332,147.3,0.715197006,14.1383977,-0.915106234,1422.799572
264,27496.11476,148.3,-0.506180784,14.85405388,-1.319423427,1421.884037
265,27510.20875,148.3,-0.507553185,14.34776017,-1.320042118,1420.563995
266,27523.79438,147.3,0.713182727,13.84009395,-0.916394147,1419.243333
267,27538.7045,147.3,0.712768429,14.55373714,-0.916824257,1418.326509
268,27554.32764,148.3,-0.510902591,15.26696646,-1.321901679,1417.409254
269,27568.82745,148.3,-0.512277784,14.75595052,-1.322522697,1416.086731
270,27582.81419,147.3,0.710752959,14.24355928,-0.918117013,1414.763587
271,27598.12413,147.3,0.710338749,14.95477443,-0.918548742,1413.845038
272,27614.14467,148.3,-0.515634129,15.66557581,-1.324389257,1412.926058
273,27629.03599,148.3,-0.517012124,15.1498279,-1.325012615,1411.601045
274,27643.4095,147.3,0.708322094,14.63270189,-0.919846369,1410.275408
275,27659.10494,147.3,0.707907975,15.34148792,-0.920279727,1409.355129
276,27675.50855,148.3,-0.520375437,16.04986027,-1.326886216,1408.434415
277,27690.77704,148.3,-0.521756247,15.52937063,-1.327511927,1407.106903
278,27705.52297,147.3,0.705890139,15.00750007,-0.921582253,1405.778765
279,27721.58956,147.3,0.705476116,15.7138559,-0.922017248,1404.856748
280,27738.36189,148.3,-0.525126556,16.41979814,-1.329392608,1403.934295
281,27753.99319,148.3,-0.526510191,15.89455695,-1.330020686,1402.604274
282,27769.09718,147.3,0.703457106,15.36793201,-0.923324701,1401.273625
283,27785.52056,147.3,0.703043182,16.07185657,-0.923761343,1400.349864
284,27802.64724,148.3,-0.529887526,16.77536764,-1.331908486,1399.425665
285,27818.62697,148.3,-0.531273998,16.24536504,-1.332538945,1398.093126
286,27834.07461,147.3,0.701023002,15.71397586,-0.92507375,1396.759956
287,27850.84039,147.3,0.700609181,16.41546809,-0.925512048,1395.834444
288,27868.30703,148.3,-0.534658387,17.11654694,-1.334433906,1394.908494
289,27884.62078,148.3,-0.536047707,16.58177305,-1.335066757,1393.573427
290,27900.39767,147.3,0.698587838,16.04560972,-0.926829438,1392.237727
291,27917.49143,147.3,0.698174123,16.74466857,-0.927269402,1391.310457
292,27935.28362,148.3,-0.53943918,17.44331414,-1.33696892,1390.382747
293,27951.91696,148.3,-0.540831361,16.90375902,-1.337604179,1389.045143
294,27968.00866,147.3,0.696151622,16.36281159,-0.928591803,1387.706903
295,27985.41597,147.3,0.695738017,17.05943602,-0.929033442,1386.77787
296,28003.51928,148.3,-0.544229947,17.75564729,-1.339513584,1385.848394
297,28020.45777,148.3,-0.545625,17.21130095,-1.340151264,1384.508243
298,28036.84982,147.3,0.693714364,16.66555945,-0.930360883,1383.167453
299,28054.55621,147.3,0.693300874,17.35974842,-0.930804207,1382.236649
300,28072.95618,148.3,-0.549030728,18.05352435,-1.342067953,1381.305401
301,28090.18534,148.3,-0.550428665,17.50437679,-1.342708068,1379.962693
302,28106.86326,147.3,0.691276075,16.95383117,-0.932136717,1378.619344
303,28124.85428,147.3,0.690862702,17.64558367,-0.932581735,1377.686763
304,28143.53643,148.3,-0.553841566,18.33692324,-1.344632083,1376.753735
305,28161.04177,148.3,-0.555242399,17.7829644,-1.345274647,1375.408461
306,28177.99105,147.3,0.688836763,17.2276046,-0.933919343,1374.062543
307,28196.25218,147.3,0.688423513,17.91691961,-0.934366065,1373.128177
308,28215.20201,148.3,-0.558662502,18.60582182,-1.347206029,1372.193364
309,28232.96902,148.3,-0.560066243,18.04704159,-1.347851057,1370.845513
310,28250.17514,147.3,0.68639644,17.4868575,-0.9357088,1369.497016
311,28268.69187,147.3,0.685983315,18.17373402,-0.936157236,1368.560859
312,28287.89485,148.3,-0.563493579,18.86019788,-1.349789849,1367.624253
313,28305.90898,148.3,-0.564900239,18.29658611,-1.350437353,1366.273815
314,28323.3574,147.3,0.683955115,17.73156757,-0.937505127,1364.92273
315,28342.11517,147.3,0.68354212,18.41600461,-0.937955287,1363.984774
316,28361.55677,148.3,-0.568334838,19.10002912,-1.352383599,1363.046369
317,28379.80347,148.3,-0.569744431,18.53157564,-1.353033595,1361.693335
318,28397.47961,147.3,0.681512798,17.96171246,-0.939308365,1360.339651
319,28416.46387,147.3,0.681099937,18.64370904,-0.939760259,1359.399891
320,28436.1295,148.3,-0.573186323,19.32529322,-1.354987336,1358.459678
321,28454.59419,148.3,-0.57459886,18.7519878,-1.355639838,1357.104038
322,28472.48345,147.3,0.6790695,18.17726973,-0.941118554,1355.747745
323,28491.67961,147.3,0.678656777,18.85682488,-0.941572191,1354.806173
324,28511.5547,148.3,-0.578048077,19.53596777,-1.357601119,1353.864147
325,28530.22277,148.3,-0.57946357,18.95780014,-1.358256141,1352.505891
326,28548.31054,147.3,0.676625232,18.3782169,-0.942935732,1351.146979
327,28567.70398,147.3,0.676212651,19.05532965,-0.943391124,1350.203588
328,28587.77391,148.3,-0.582920142,19.7320303,-1.360225005,1349.259741
329,28606.63073,148.3,-0.584338604,19.14899014,-1.360882562,1347.898858
330,28624.90238,147.3,0.674180004,18.5645314,-0.944759942,1346.537317
331,28644.47847,147.3,0.67376757,19.23920082,-0.945217098,1345.5921
332,28664.7286,148.3,-0.587802562,19.91345827,-1.362859053,1344.646426
333,28683.75953,148.3,-0.589224005,19.32553523,-1.36351916,1343.282906
334,28702.20039,147.3,0.671733827,18.73619062,-0.946591224,1341.918726
335,28721.94447,147.3,0.671321544,19.40841576,-0.947050154,1340.971676
336,28742.36015,148.3,-0.592695382,20.0802291,-1.365503323,1340.024167
337,28761.55051,148.3,-0.594119818,19.48741276,-1.366165994,1338.658001
338,28780.14591,147.3,0.669286713,18.89317187,-0.948429618,1337.291172
339,28800.04329,147.3,0.668874584,19.56295181,-0.948890333,1336.342281
340,28820.60985,148.3,-0.597598644,20.2323201,-1.368157873,1335.39293
341,28839.94493,148.3,-0.599026086,19.63460003,-1.368823124,1334.024107
342,28858.68016,147.3,0.666838672,19.0354524,-0.950275168,1332.654618
343,28878.71616,147.3,0.666426702,19.70278622,-0.950737678,1331.70388
344,28899.41887,148.3,-0.602512394,20.36970855,-1.370822765,1330.752679
345,28918.88398,148.3,-0.603942854,19.76707426,-1.371490611,1329.381189
346,28937.7443,147.3,0.664389715,19.16300939,-0.952127914,1328.00903
347,28957.90418,147.3,0.66397791,19.82789618,-0.95259223,1327.056437
348,28978.72834,148.3,-0.607436675,20.49237166,-1.373498058,1326.10338
349,28998.30872,148.3,-0.608870167,19.88481261,-1.374168514,1324.729212
350,29017.27938,147.3,0.661939855,19.27581995,-0.953987899,1323.354372
351,29037.54841,147.3,0.661528218,19.93825883,-0.954454031,1322.399918
352,29058.47925,148.3,-0.612371533,20.60028656,-1.376183814,1321.444997
353,29078.16014,148.3,-0.613808069,19.98779217,-1.376856895,1320.068141
354,29097.22638,147.3,0.659489103,19.37386113,-0.955855165,1318.69061
355,29117.58977,147.3,0.659077638,20.03385121,-0.956323124,1317.734287
356,29138.61253,148.3,-0.617317013,20.69343032,-1.378880094,1316.777495
357,29158.37914,148.3,-0.618756606,20.07598997,-1.379555815,1315.397939
358,29177.52616,147.3,0.657037471,19.45710991,-0.957729754,1314.017707
359,29197.96912,147.3,0.656626183,20.11465033,-0.958199551,1313.059508
360,29219.06901,148.3,-0.62227316,20.77177995,-1.38158696,1312.100838
361,29238.90653,148.3,-0.623715824,20.14938297,-1.382265338,1310.718573
362,29258.11949,147.3,0.65458497,19.52554321,-0.959611712,1309.335628
363,29278.62721,147.3,0.654173864,20.1806331,-0.960083357,1308.375545
364,29299.78941,148.3,-0.627240021,20.83531239,-1.384304474,1307.414989
365,29319.68301,148.3,-0.628685767,20.20794806,-1.384985524,1306.030004
366,29338.94709,147.3,0.652131613,19.57913786,-0.961501079,1304.644337
367,29359.50472,147.3,0.651720693,20.23177639,-0.961974584,1303.682362
368,29380.71438,148.3,-0.63221764,20.8840045,-1.3870327,1302.719913
369,29400.64921,148.3,-0.633666483,20.25166207,-1.387716438,1301.332197
370,29419.94952,147.3,0.649677412,19.61787066,-0.963397902,1299.943796
371,29440.54221,147.3,0.649266683,20.26805699,-0.963873277,1298.979923
372,29461.78447,148.3,-0.637206065,20.9178331,-1.389771701,1298.015574
373,29481.74565,148.3,-0.638658017,20.28050174,-1.390458143,1296.625116
374,29501.06731,147.3,0.64722238,19.64171831,-0.965302223,1295.23397
375,29521.68017,147.3,0.646811847,20.28945162,-0.96577948,1294.268191
376,29542.94014,148.3,-0.642205342,20.93677491,-1.392521541,1293.301934
377,29562.91276,148.3,-0.643660416,20.29444378,-1.393210702,1291.908723
378,29582.24086,147.3,0.644766529,19.65065745,-0.967214088,1290.514822
379,29602.85897,147.3,0.644356196,20.29593694,-0.967693238,1289.547129
380,29624.12175,148.3,-0.647215518,20.94080661,-1.395282285,1288.578956
381,29644.09088,148.3,-0.648673728,20.2934648,-1.395974182,1287.182982
382,29663.41048,147.3,0.642309872,19.64466466,-0.96913354,1285.786315
383,29684.01892,147.3,0.641899745,20.28748953,-0.969614595,1284.816701
384,29705.26957,148.3,-0.65223664,20.92990479,-1.398053996,1283.846605
385,29725.22026,148.3,-0.653698,20.27754136,-1.398748646,1282.447856
386,29744.51639,147.3,0.639852422,19.62371644,-0.971060627,1281.048412
387,29765.1002,147.3,0.639442505,20.26408591,-0.971543596,1280.076868
388,29786.32376,148.3,-0.657268755,20.90404598,-1.400836742,1279.104841
389,29806.24105,148.3,-0.658733279,20.24664993,-1.40153416,1277.703307
390,29825.49874,147.3,0.637394192,19.58778923,-0.972995392,1276.301075
391,29846.04293,147.3,0.63698449,20.22570253,-0.973480289,1275.327595
392,29867.22443,148.3,-0.662311913,20.86320665,-1.403630587,1274.353629
393,29887.0933,148.3,-0.663779613,20.20076694,-1.404330791,1272.949298
394,29906.29754,147.3,0.634935196,19.53685939,-0.974937883,1271.544267
395,29926.78712,147.3,0.634525714,20.17231578,-0.975424718,1270.568842
396,29947.91154,148.3,-0.66736616,20.8073632,-1.406435599,1269.59293
397,29967.71699,148.3,-0.66883705,20.13986873,-1.407138605,1268.185791
398,29986.85274,147.3,0.632475447,19.47090323,-0.976888145,1266.777949
399,30007.27267,147.3,0.632066189,20.10390195,-0.97737693,1265.800572
400,30028.32499,148.3,-0.672431545,20.73649194,-1.409251845,1264.822706
401,30048.05197,148.3,-0.67390564,20.06393157,-1.409957669,1263.412748
402,30067.10418,147.3,0.630014958,19.38989697,-0.978846225,1262.002084
403,30087.43942,147.3,0.629605931,20.0204373,-0.979336973,1261.022747
404,30108.40459,148.3,-0.677508117,20.65056914,-1.412079391,1260.042919
405,30128.03803,148.3,-0.67898543,19.97293167,-1.412788052,1258.630131
406,30146.99161,147.3,0.627553743,19.29381677,-0.980812171,1257.216633
407,30167.22708,147.3,0.627144952,19.921898,-0.981304892,1256.235328
408,30188.09002,148.3,-0.682595925,20.54957097,-1.414918307,1255.25353
409,30207.61483,148.3,-0.68407647,19.86684518,-1.41562982,1253.8379
410,30226.45469,147.3,0.625091818,19.18263871,-0.98278603,1252.421558
411,30246.57529,147.3,0.624683267,19.80826014,-0.983280736,1251.438278
412,30267.3209,148.3,-0.687695019,20.43347356,-1.417768661,1250.454502
413,30286.72196,148.3,-0.68917881,19.74564815,-1.418483044,1249.036019
414,30305.43297,147.3,0.622629195,19.05633881,-0.984767849,1247.61682
415,30325.42358,147.3,0.62222089,19.67949976,-0.985264553,1246.631556
416,30346.03673,148.3,-0.692805448,20.30225294,-1.420630522,1245.645794
417,30365.29891,148.3,-0.694292499,19.60931657,-1.421347793,1244.224446
418,30383.86591,147.3,0.620165889,18.91489302,-0.986757677,1242.802381
419,30403.71138,147.3,0.619757835,19.53559282,-0.987256391,1241.815124
420,30424.17694,148.3,-0.697927262,20.1558851,-1.42350396,1240.827369
421,30443.28506,148.3,-0.699417588,19.45782639,-1.424224137,1239.403144
422,30461.69288,147.3,0.617701915,18.75827722,-0.988755563,1237.978199
423,30481.37804,147.3,0.617294118,19.3765152,-0.989256299,1236.988943
424,30501.68083,148.3,-0.703060511,19.99434593,-1.426389046,1235.999186
425,30520.61971,148.3,-0.704554127,19.29115344,-1.427112145,1234.572073
426,30538.85315,147.3,0.615237288,18.5864672,-0.990761555,1233.144237
427,30558.36281,147.3,0.614829753,19.20224273,-0.991264326,1232.152973
428,30578.48763,148.3,-0.708205248,19.81761128,-1.42928585,1231.161205
429,30597.24205,148.3,-0.709702166,19.10927351,-1.43001189,1229.731194
430,30615.28589,147.3,0.612772022,18.39943869,-0.992775704,1228.300455
431,30634.60483,147.3,0.612364755,19.01275115,-0.993280521,1227.307174
432,30654.53646,148.3,-0.713361521,19.6256569,-1.432194444,1226.313389
433,30673.09119,148.3,-0.714861758,18.91216231,-1.432923443,1224.880465
434,30690.93018,147.3,0.610306134,18.19716736,-0.994798058,1223.446812
435,30710.04314,147.3,0.609899139,18.80801614,-0.995304935,1222.451507
436,30729.76635,148.3,-0.718529384,19.41845847,-1.4351149,1221.455695
437,30748.10613,148.3,-0.720032953,18.69979549,-1.435846876,1220.019848
438,30765.72499,147.3,0.607839637,17.9796288,-0.996828669,1218.583268
439,30784.61672,147.3,0.607432921,18.58801329,-0.997337618,1217.585931
440,30804.11622,148.3,-0.723708887,19.19599163,-1.438047291,1216.588083
441,30822.22576,148.3,-0.725215804,18.4721486,-1.438782262,1215.149301
442,30839.6092,147.3,0.605372549,17.74679851,-0.998867586,1213.709783
443,30858.2644,147.3,0.604966117,18.35271815,-0.99937862,1212.710405
444,30877.52491,148.3,-0.728900083,18.95823192,-1.44099169,1211.710514
445,30895.38891,148.3,-0.730410362,18.22919714,-1.441729674,1210.268785
446,30912.5216,147.3,0.602904884,17.49865194,-1.000914862,1208.826316
447,30930.92495,147.3,0.602498743,18.10210616,-1.001427993,1207.824888
448,30949.93115,148.3,-0.734103024,18.70515481,-1.443948171,1206.822947
449,30967.53426,148.3,-0.73561668,17.97091653,-1.444689188,1205.378257
450,30984.40086,147.3,0.600436659,17.23516446,-1.002970547,1203.932827
451,31002.53703,147.3,0.600030814,17.83615271,-1.003485788,1202.929341
452,31021.27358,148.3,-0.739317763,18.43673569,-1.446916809,1201.925339
453,31038.60044,148.3,-0.740834812,17.69728212,-1.447660876,1200.477678
454,31055.18558,147.3,0.59796789,16.95631136,-1.005034693,1199.029273
455,31073.03919,147.3,0.597562346,17.55483312,-1.005552057,1198.023721
456,31091.49072,148.3,-0.744544353,18.15294991,-1.449897678,1197.017651
457,31108.52596,148.3,-0.746064809,17.40826918,-1.450644815,1195.567006
458,31124.81423,147.3,0.595498593,16.66206786,-1.007107352,1194.115613
459,31142.3699,147.3,0.595093358,17.25812262,-1.007626854,1193.107986
460,31160.52102,148.3,-0.749782848,17.85377271,-1.452890855,1192.099839
461,31177.24922,148.3,-0.751306727,17.10385293,-1.453641081,1190.646198
462,31193.22521,147.3,0.593028786,16.35240912,-1.009188579,1189.191806
463,31210.46752,147.3,0.592623864,16.94599637,-1.00971023,1188.182096
464,31228.30281,148.3,-0.755033302,17.53917927,-1.455896415,1187.171863
465,31244.70853,148.3,-0.756560618,16.78400847,-1.45664975,1185.715214
466,31260.3568,147.3,0.590558485,16.02731021,-1.011278425,1184.25781
467,31277.27031,147.3,0.590153883,16.61842947,-1.011802239,1183.246008
468,31294.77433,148.3,-0.760295768,17.20914471,-1.458914437,1182.233681
469,31310.84212,148.3,-0.761826537,16.44871087,-1.459670898,1180.77401
470,31326.14719,147.3,0.588087707,15.68674612,-1.013376944,1179.313582
471,31342.71643,147.3,0.587683431,16.27539693,-1.013902935,1178.299679
472,31359.87371,148.3,-0.765570301,16.86364405,-1.461944997,1177.28525
473,31375.5881,148.3,-0.76710454,16.09793511,-1.462704605,1175.822545
474,31390.53447,147.3,0.585616469,15.33069178,-1.015484191,1174.35908
475,31406.74395,147.3,0.585212526,15.9168737,-1.016012372,1173.343068
476,31423.539,148.3,-0.770856957,16.50265226,-1.464988174,1172.326527
477,31438.88446,148.3,-0.77239468,15.73165608,-1.465750949,1170.860776
478,31453.45662,147.3,0.58314479,14.95912203,-1.017600219,1169.394261
479,31469.29082,147.3,0.582741185,15.54283464,-1.018130605,1168.37613
480,31485.70814,148.3,-0.77615579,16.12614422,-1.468044046,1167.357469
481,31500.66914,148.3,-0.777697013,15.34984863,-1.468810007,1165.888659
482,31514.85153,147.3,0.580672686,14.57201166,-1.019725085,1164.419082
483,31530.29492,147.3,0.580269426,15.15325454,-1.020257689,1163.398824
484,31546.31895,148.3,-0.781466857,15.73409474,-1.471112694,1162.378034
485,31560.87993,148.3,-0.783011596,14.9524875,-1.471881862,1160.906152
486,31574.65698,147.3,0.578200177,14.16933536,-1.021858843,1159.4335
487,31589.69399,147.3,0.577797268,14.74810811,-1.022393679,1158.411106
488,31605.30917,148.3,-0.786790213,15.32647856,-1.474194198,1157.388177
489,31619.45455,148.3,-0.788338484,14.53954736,-1.474966592,1155.913211
490,31632.81067,147.3,0.57572728,13.75106775,-1.02400155,1154.437471
491,31647.4257,147.3,0.575324729,14.32737001,-1.024538632,1153.412932
492,31662.61643,148.3,-0.792125915,14.90327032,-1.477288638,1152.387856
493,31676.3306,148.3,-0.793677735,14.11100284,-1.478064279,1150.909792
494,31689.25017,147.3,0.573254013,13.31718338,-1.026153262,1149.430951
495,31703.42761,147.3,0.572851827,13.89101479,-1.026692603,1148.404258
496,31718.17828,148.3,-0.79747402,14.46444462,-1.480396096,1147.377026
497,31731.44559,148.3,-0.799029404,13.66682844,-1.481175004,1145.895851
498,31743.91295,147.3,0.570780397,12.86765671,-1.028314035,1144.413896
499,31757.63716,147.3,0.570378581,13.43901694,-1.028855651,1143.38504
500,31771.93212,148.3,-0.802834585,14.00997597,-1.483516655,1142.355642
501,31784.73693,148.3,-0.804393549,13.20699862,-1.484298851,1140.871344
502,31796.73641,147.3,0.568306448,12.40246215,-1.030483927,1139.386262
503,31809.99171,147.3,0.567905011,12.97135088,-1.031027832,1138.355234
504,31823.8153,148.3,-0.808207667,13.53983879,-1.486650398,1137.323662
505,31836.14191,148.3,-0.809770229,12.73148775,-1.487435903,1135.836226
506,31847.65781,147.3,0.565832188,11.921574,-1.032662997,1134.348003
507,31860.42852,147.3,0.565431135,12.48799093,-1.033209205,1133.314794
508,31873.76504,148.3,-0.813593325,13.05400744,-1.489797407,1132.281038
509,31885.59773,148.3,-0.815159501,12.24027013,-1.490586243,1130.790452
510,31896.61434,147.3,0.563357635,11.4249665,-1.034851301,1129.299076
511,31908.88473,147.3,0.562956974,11.98891137,-1.035399827,1128.263676
512,31921.71846,148.3,-0.818991618,12.55245619,-1.492957769,1127.227727
513,31933.0415,148.3,-0.820561424,11.73331998,-1.493749955,1125.733977
514,31943.54305,147.3,0.560882809,10.91261381,-1.0370489,1124.239434
515,31955.29738,147.3,0.560482546,11.47408635,-1.037599759,1123.201835
516,31967.61258,148.3,-0.824402604,12.03515925,-1.496131567,1122.163683
517,31978.4102,148.3,-0.825976056,11.21061144,-1.496927126,1120.666756
518,31988.38091,147.3,0.558407731,10.38449002,-1.039255852,1119.169033
519,31999.60341,147.3,0.558007873,10.94349,-1.039809059,1118.129224
520,32011.3843,148.3,-0.829826342,11.50209074,-1.499318888,1117.088861
521,32021.64072,148.3,-0.831403458,10.67211857,-1.500117842,1115.588743
522,32031.0648,147.3,0.55593242,9.840569133,-1.041472217,1114.087825
523,32041.73966,147.3,0.555532975,10.39709633,-1.042027787,1113.045798
524,32052.97045,148.3,-0.835262892,10.95322471,-1.502519819,1112.003214
525,32062.66985,148.3,-0.836843689,10.11781536,-1.503322188,1110.499891
526,32071.53146,147.3,0.553456897,9.280825068,-1.043698057,1108.995766
527,32081.64287,147.3,0.553057872,9.834879283,-1.044256004,1107.95151
528,32092.30773,148.3,-0.840712314,10.38853511,-1.505734446,1106.906695
529,32101.43426,148.3,-0.842296809,9.547675719,-1.506540254,1105.400155
530,32109.71755,147.3,0.550981183,8.705231674,-1.04593343,1103.892808
531,32119.24965,147.3,0.550582585,9.256812737,-1.046493771,1102.846315
532,32129.33274,148.3,-0.846174668,9.807995844,-1.508962858,1101.79926
533,32137.87053,148.3,-0.847762879,8.961673466,-1.509772126,1100.289488
534,32145.55962,147.3,0.5485053,8.113762719,-1.0481784,1098.778905
535,32154.49654,147.3,0.548107135,8.662870477,-1.048741149,1097.730164
536,32163.98198,148.3,-0.851650017,9.211580718,-1.512205144,1096.68086
537,32171.91514,148.3,-0.853241959,8.359782355,-1.513017894,1095.167842
538,32178.99412,147.3,0.546029267,7.506391891,-1.050433027,1093.65401
539,32187.31996,147.3,0.545631545,8.053026211,-1.0509982,1092.603012
540,32196.19184,148.3,-0.85713842,8.599263461,-1.515461393,1091.551448
541,32203.50445,148.3,-0.858734113,7.741976056,-1.516277648,1090.035171
542,32209.95737,147.3,0.543553108,6.883092797,-1.052697375,1088.518076
543,32217.65621,147.3,0.543155835,7.427253571,-1.053264988,1087.464811
544,32225.8986,148.3,-0.86263994,7.971017727,-1.518731696,1086.410978
545,32232.57471,148.3,-0.8642394,7.108228158,-1.519551478,1084.891426
546,32238.38563,147.3,0.541076844,6.243838967,-1.054971506,1083.371054
547,32245.4415,147.3,0.540680028,6.785526106,-1.055541575,1082.315512
548,32253.03846,148.3,-0.868154639,7.326817089,-1.522016144,1081.2594
549,32259.06209,148.3,-0.869757884,6.458512172,-1.522839477,1079.736561
550,32264.21501,147.3,0.538600498,5.588603848,-1.057255484,1078.212897
551,32270.61193,147.3,0.538204146,6.127817286,-1.057828024,1077.155069
552,32277.54747,148.3,-0.87368258,6.666635037,-1.525314828,1076.096668
553,32282.90263,148.3,-0.875289628,5.792801528,-1.526141735,1074.570526
554,32287.38154,147.3,0.536124091,4.917360807,-1.059549372,1073.043556
555,32293.1035,147.3,0.535728212,5.454100502,-1.060124401,1071.983432
556,32299.36161,148.3,-0.879223825,5.990444986,-1.528627842,1070.922732
557,32304.03227,148.3,-0.880834694,5.111069575,-1.529458346,1069.393274
558,32307.82113,147.3,0.533647647,4.230083129,-1.061853237,1067.862984
559,32312.8521,147.3,0.533252248,4.764349061,-1.062430769,1066.800553
560,32318.41675,148.3,-0.884778439,5.298220267,-1.53195528,1065.737544
561,32322.38684,148.3,-0.886393147,4.413289581,-1.532789404,1064.204755
562,32325.46958,147.3,0.531171189,3.526744021,-1.064167142,1062.67113
563,32329.79351,147.3,0.530776278,4.058536193,-1.064747195,1061.606383
564,32334.64863,148.3,-0.890346485,4.589934131,-1.535297235,1060.541055
565,32337.90208,148.3,-0.891965051,3.699434734,-1.536135003,1059.00492
566,32340.26261,147.3,0.52869474,2.807316604,-1.066491153,1057.467947
567,32343.86339,147.3,0.528300326,3.336635044,-1.067073743,1056.400873
568,32347.99291,148.3,-0.895928028,3.86555975,-1.538653802,1055.333216
569,32350.51361,148.3,-0.897550469,2.969478141,-1.539495239,1053.793721
570,32352.1358,147.3,0.526218325,2.071773922,-1.068825338,1052.253383
571,32354.99733,147.3,0.525824414,2.598618679,-1.069410482,1051.183973
572,32358.38511,148.3,-0.901523133,3.125070213,-1.542025079,1050.113976
573,32360.15693,148.3,-0.903149468,2.223392824,-1.542870208,1048.571106
574,32361.02463,147.3,0.523741966,1.320088931,-1.071169763,1047.02739
575,32363.13077,147.3,0.523348569,1.844460083,-1.071757477,1045.955632
576,32365.76068,148.3,-0.907131865,2.368438527,-1.545411161,1044.883287
577,32366.76745,148.3,-0.908762113,1.461151728,-1.546260007,1043.337027
578,32366.86449,147.3,0.52126569,0.55223451,-1.073524494,1041.789917
579,32368.19906,147.3,0.520872813,1.074132155,-1.074114796,1040.715802
580,32370.05494,148.3,-0.91275429,1.595637618,-1.548812147,1039.641096
581,32370.28047,148.3,-0.91438847,0.682727711,-1.549664734,1038.091431
582,32369.59064,147.3,0.518789519,-0.231816547,-1.075889602,1036.540913
583,32370.13745,147.3,0.518397171,0.287607715,-1.076482508,1035.464431
584,32371.20309,148.3,-0.918390475,0.80664033,-1.552228135,1034.387355
585,32370.63117,148.3,-0.920028605,-0.11190645,-1.553084488,1032.83427
586,32369.13824,147.3,0.51631348,-1.032091531,-1.078265154,1031.280328
587,32368.88107,147.3,0.51592167,-0.515140501,-1.078860682,1030.201468
588,32369.14025,148.3,-0.924040486,0.001419424,-1.555659224,1029.122011
589,32367.75463,148.3,-0.925682585,-0.922778058,-1.556519368,1027.565491
590,32365.44235,147.3,0.513837597,-1.848617813,-1.080651219,1026.008111
591,32364.36493,147.3,0.513446334,-1.33413984,-1.081249386,1024.926862
592,32363.80141,148.3,-0.929704391,-0.820052421,-1.559105516,1023.845013
593,32361.58582,148.3,-0.931350478,-1.749914505,-1.559969476,1022.285044
594,32358.4379,147.3,0.511361897,-2.68142285,-1.083047868,1020.724209
595,32356.52396,147.3,0.510971189,-2.169417733,-1.083648692,1019.640561
596,32355.12145,148.3,-0.935382257,-1.65780261,-1.562567111,1018.556311
597,32352.05959,148.3,-0.937032352,-2.593343261,-1.563434912,1016.992876
598,32348.05972,147.3,0.508886405,-3.530534182,-1.085455171,1015.428572
599,32345.29296,147.3,0.508496261,-3.021001694,-1.086058669,1014.342513
600,32343.03516,148.3,-0.941074153,-2.51185863,-1.566044111,1013.255851
601,32339.1107,148.3,-0.942728275,-3.453091883,-1.56691578,1011.688935
602,32334.24253,147.3,0.506411148,-4.395979435,-1.087873199,1010.121146
603,32330.60662,147.3,0.506021577,-3.88891932,-1.08847939,1009.032667
604,32327.47719,148.3,-0.946780147,-3.382248054,-1.569536619,1007.943581
605,32322.67378,148.3,-0.948438316,-4.329188011,-1.570412182,1006.373168
606,32316.92095,147.3,0.503936153,-5.277786316,-1.090302024,1004.80188
607,32312.39952,147.3,0.503547163,-4.773198295,-1.090910926,1003.710969
608,32308.3821,148.3,-0.952500309,-4.268998536,-1.57304474,1002.619448
609,32302.68336,148.3,-0.954162544,-5.221659371,-1.573924222,1001.045524
610,32296.02947,147.3,0.501461446,-6.17598262,-1.092741719,999.4707194
611,32290.60614,147.3,0.501073047,-5.673866386,-1.09335335,998.3773661
612,32285.68434,148.3,-0.958234709,-5.172137816,-1.576568578,997.2834004
613,32279.07386,148.3,-0.95990103,-6.130533771,-1.577452006,995.7059484
614,32271.50248,147.3,0.498987055,-7.090596228,-1.095192357,994.127612
615,32265.16083,147.3,0.498599256,-6.590951443,-1.095806735,993.0318052
616,32259.31824,148.3,-0.963983417,-6.091693718,-1.58010824,991.9353834
617,32251.77957,148.3,-0.965653844,-7.055839106,-1.58099564,990.3543878
618,32243.27425,147.3,0.496513007,-8.021655104,-1.097654012,988.7725038
619,32235.99784,147.3,0.496125819,-7.524481405,-1.098271155,987.6742326
620,32229.21801,148.3,-0.969746504,-7.027694152,-1.583663831,986.5753436
621,32220.7347,148.3,-0.971421057,-7.997603357,-1.584555231,984.9907884
622,32211.27896,147.3,0.494039332,-8.969187298,-1.100126757,983.4053407
623,32203.0513,147.3,0.493652762,-8.474484294,-1.100746685,982.3045941
624,32195.31777,148.3,-0.97552404,-7.980167111,-1.587235461,981.2032267
625,32185.87331,148.3,-0.97720274,-8.955854588,-1.588130887,979.6150959
626,32175.45065,147.3,0.491566057,-9.933220949,-1.102610669,978.0260685
627,32166.25525,147.3,0.491180116,-9.440988218,-1.1032334,976.9228351
628,32157.55151,148.3,-0.981316099,-8.949140676,-1.590823237,975.8189783
629,32147.12939,148.3,-0.982998966,-9.930620951,-1.591722716,974.2272556
630,32135.72326,147.3,0.489093212,-10.91378428,-1.105105822,972.6346324
631,32125.5436,147.3,0.488707909,-10.42402137,-1.105731376,971.528901
632,32115.85311,148.3,-0.987122753,-9.934643011,-1.594427269,970.4225434
633,32104.43678,148.3,-0.988809807,-10.92193068,-1.59533083,968.8272125
634,32092.03062,147.3,0.486620825,-11.9109056,-1.107612294,967.2309771
635,32080.85013,147.3,0.48623617,-11.42361204,-1.108240689,966.1227364
636,32070.15635,148.3,-0.992944074,-10.93670237,-1.598047668,965.0138666
637,32057.72922,148.3,-0.994635336,-11.92981211,-1.598955339,963.4149113
638,32044.30645,147.3,0.484148926,-12.92461331,-1.110130161,961.8150472
639,32032.10854,147.3,0.483764929,-12.43978858,-1.110761418,960.7042858
640,32020.39488,148.3,-0.998780136,-11.95534708,-1.601684546,959.5928924
641,32006.94035,148.3,-1.000475627,-12.95429365,-1.602596354,957.9902961
642,31992.48433,147.3,0.481677546,-13.95493589,-1.112659502,956.3867869
643,31979.2524,147.3,0.481294216,-13.47257946,-1.11329364,955.2734932
644,31966.50225,148.3,-1.004631013,-12.99060558,-1.605338016,954.1595647
645,31952.00368,148.3,-1.006330754,-13.99540378,-1.606253989,952.5533108
646,31936.49776,147.3,0.479206714,-15.00190192,-1.115200396,950.9461397
647,31922.21516,147.3,0.478824063,-14.52201321,-1.115837433,949.8303023
648,31908.41188,148.3,-1.010496779,-14.04250638,-1.609008191,948.7138271
649,31892.8526,148.3,-1.012200792,-15.05317111,-1.609928358,947.1038988
650,31876.28011,147.3,0.476736463,-16.06554005,-1.11775292,945.4930492
651,31860.93017,147.3,0.4763545,-15.58811847,-1.118392878,944.3746563
652,31846.05708,148.3,-1.016377511,-15.11107807,-1.612695186,943.2556227
653,31829.42041,148.3,-1.018085816,-16.1276243,-1.613619577,941.6420031
654,31811.76463,147.3,0.474266822,-17.14587904,-1.120317156,940.0274581
655,31795.33065,147.3,0.473885557,-16.67092395,-1.120960055,938.9064981
656,31779.37106,148.3,-1.022273283,-16.19634934,-1.616399118,937.7848944
657,31761.64027,148.3,-1.023985902,-17.21879212,-1.61732776,936.1675666
658,31742.88447,147.3,0.471797824,-18.24294772,-1.122893185,934.5493091
659,31725.34972,147.3,0.471417268,-17.77045846,-1.123539044,933.4257701
660,31708.28689,148.3,-1.028184172,-17.29834896,-1.620120102,932.3015845
661,31689.44524,148.3,-1.029901127,-18.32670342,-1.621053026,930.6805314
662,31669.57265,147.3,0.4693295,-19.35677502,-1.125481087,929.0585444
663,31650.92038,147.3,0.468949665,-18.88675089,-1.126129927,927.9324145
664,31632.73756,148.3,-1.034110254,-18.4171058,-1.623858257,926.805635
665,31612.76825,148.3,-1.035831568,-19.45138713,-1.624795493,925.1808395
666,31591.76209,147.3,0.466861884,-20.48738996,-1.128080945,923.5551057
667,31571.9755,147.3,0.466482779,-20.01983024,-1.128732787,922.4263729
668,31552.6559,148.3,-1.040051608,-19.55264881,-1.627613703,921.2969875
669,31531.54214,148.3,-1.041777301,-20.59287228,-1.62855528,919.6684322
670,31509.38557,147.3,0.464395008,-21.63482164,-1.130692842,918.0389343
671,31488.44785,147.3,0.464016644,-21.16972556,-1.131347708,916.9075865
672,31467.97466,148.3,-1.046008311,-20.70500703,-1.631386559,915.7755832
673,31445.6996,148.3,-1.047738406,-21.75118799,-1.632332508,914.1432507
674,31422.37577,147.3,0.461928906,-22.79909926,-1.133316863,912.5099712
675,31400.27008,147.3,0.461551294,-22.33646602,-1.133974772,911.3759964
676,31378.62646,148.3,-1.051980442,-21.87420957,-1.635176947,910.2413629
677,31355.17324,148.3,-1.053714961,-22.92636348,-1.636127298,908.6052356
678,31330.66526,147.3,0.459463611,-23.9802521,-1.135953091,906.9681569
679,31307.37472,147.3,0.459086762,-23.52008087,-1.136614065,905.8315428
680,31284.54379,148.3,-1.057968081,-23.06028567,-1.63898499,904.694267
681,31259.89551,148.3,-1.059707046,-24.11842802,-1.639939773,903.0543272
682,31234.18648,147.3,0.456999158,-25.17830954,-1.138601611,901.4134316
683,31209.69419,147.3,0.456623084,-24.72059947,-1.139265672,900.2741659
684,31185.65905,148.3,-1.063971306,-24.26326463,-1.64281081,899.1342354
685,31159.79878,148.3,-1.065714741,-25.32741103,-1.643770057,897.4904653
686,31132.87175,147.3,0.454535581,-26.39330106,-1.141262511,895.8457349
687,31107.16078,147.3,0.454160293,-25.93805123,-1.141929681,894.7038052
688,31081.90449,148.3,-1.069990199,-25.48317585,-1.646654533,893.5612076
689,31054.81528,148.3,-1.071738126,-26.55334196,-1.647618275,891.9135893
690,31026.65328,147.3,0.452072916,-27.62525619,-1.143935878,890.2650062
691,30999.70667,147.3,0.451698425,-27.17246568,-1.144606177,889.1204
692,30973.21228,148.3,-1.07602484,-26.72004882,-1.650516284,887.9751227
693,30944.87714,148.3,-1.077777283,-27.79625039,-1.651484554,886.3236382
694,30915.46317,147.3,0.449611198,-28.87420461,-1.146621798,884.6711842
695,30887.26392,147.3,0.449237516,-28.42387244,-1.147295249,883.523889
696,30859.51444,148.3,-1.082075312,-27.9739131,-1.654396192,882.3759195
697,30829.91635,148.3,-1.083832293,-29.05616598,-1.65536902,880.7205505
698,30799.23338,147.3,0.447150464,-30.14017604,-1.14932036,879.0642075
699,30769.76447,147.3,0.446777603,-29.69230121,-1.149996987,877.9142105
700,30740.74287,148.3,-1.088141697,-29.24479838,-1.658294383,876.7635361
701,30709.8648,148.3,-1.089903239,-30.33311848,-1.659271803,875.1042643
702,30677.89577,147.3,0.44469075,-31.42320033,-1.152031655,873.4440139
703,30647.14015,147.3,0.444318721,-30.97778179,-1.152711478,872.2913024
704,30616.82939,148.3,-1.094224077,-30.53273441,-1.662210989,871.1379103
705,30584.65425,148.3,-1.095990205,-31.62713774,-1.663193032,869.4747173
706,30551.38207,147.3,0.442232093,-32.7233074,-1.154755772,867.810541
707,30519.32266,147.3,0.441860909,-32.28034406,-1.155438815,866.6551022
708,30487.70565,148.3,-1.100322537,-31.83775105,-1.666146138,865.4989795
709,30454.21635,148.3,-1.102093274,-32.93825368,-1.667132839,863.8318467
710,30419.62389,147.3,0.43977453,-34.04052726,-1.157492802,862.163726
711,30386.24357,147.3,0.439404204,-33.60001802,-1.158179089,861.0055469
712,30353.30321,148.3,-1.10643716,-33.15987823,-1.670099965,859.8466807
713,30318.48261,148.3,-1.10821253,-34.26649635,-1.671091355,858.1755894
714,30282.55272,147.3,0.437318101,-35.37489004,-1.160242839,856.5035054
715,30247.83437,147.3,0.436948644,-34.93683373,-1.160932391,855.3425731
716,30213.55351,148.3,-1.112568032,-34.499146,-1.674072601,854.1809503
717,30177.38444,148.3,-1.114348058,-35.61189585,-1.675068715,852.5058816
718,30140.09995,147.3,0.434862843,-36.72642594,-1.163005973,850.8298156
719,30104.02637,147.3,0.434494267,-36.29082136,-1.163698814,849.6661167
720,30068.38785,148.3,-1.118715238,-35.85558448,-1.678064181,848.5017243
721,30030.85312,148.3,-1.120499946,-36.9744824,-1.679065052,846.8226592
722,29992.19681,147.3,0.432408795,-38.09516525,-1.1657823,845.1425921
723,29954.75082,147.3,0.432041114,-37.66201118,-1.166478454,843.9761136
724,29917.73743,148.3,-1.124878864,-37.22922389,-1.682074842,842.8089382
725,29878.81981,148.3,-1.126668278,-38.35428632,-1.683080504,841.1258577
726,29838.77445,147.3,0.429955998,-39.48113837,-1.168571914,839.4417703
727,29799.93881,147.3,0.429589224,-39.05043352,-1.169271405,838.2724989
728,29761.53332,148.3,-1.131058998,-38.62009455,-1.68610472,837.1025272
729,29721.21556,148.3,-1.132853142,-39.75133799,-1.687115208,835.415412
730,29679.76386,147.3,0.427504491,-40.88437579,-1.171374911,833.7272851
731,29639.52131,147.3,0.427138638,-40.45611885,-1.172077762,832.5552073
732,29599.70647,148.3,-1.137255727,-40.02822686,-1.690153953,831.3824259
733,29557.97127,148.3,-1.139054626,-41.16566792,-1.691169303,829.6912565
734,29515.09594,147.3,0.425054315,-42.30490809,-1.174191386,827.9990707
735,29473.42919,147.3,0.424689395,-41.8790977,-1.174897623,826.8241731
736,29432.1877,148.3,-1.143469139,-41.45365133,-1.694222683,825.6485683
737,29389.01775,148.3,-1.145272819,-42.59730669,-1.695242928,823.9533254
738,29344.70145,147.3,0.422605511,-43.74276595,-1.177021439,822.257061
739,29301.59317,147.3,0.422241538,-43.31940072,-1.177731085,821.0793299
740,29258.90771,148.3,-1.149699324,-42.89639854,-1.698311049,819.9008883
741,29214.28567,148.3,-1.151507809,-44.04628498,-1.699336225,818.2015521
742,29168.51103,147.3,0.420158122,-45.19798014,-1.179865166,816.5011895
743,29123.94387,147.3,0.419795109,-44.77705862,-1.180578246,815.3206112
744,29079.79709,148.3,-1.155946371,-44.35649919,-1.702419194,814.139319
745,29033.70557,148.3,-1.157759687,-45.51263358,-1.703449337,812.4358697
746,28986.45521,147.3,0.417712189,-46.67058152,-1.182722668,810.731389
747,28940.41178,147.3,0.417350149,-46.25210223,-1.183439207,809.5479498
748,28894.78629,148.3,-1.16221037,-45.83398405,-1.706547262,808.3637932
749,28847.20789,148.3,-1.164028543,-46.99638336,-1.707582409,806.6562107
750,28798.46437,147.3,0.415267755,-48.16060107,-1.185594044,804.9475919
751,28750.92726,147.3,0.414906703,-47.74456249,-1.186314068,803.7612779
752,28703.80565,148.3,-1.168491414,-47.32888402,-1.710695398,802.5742429
753,28654.72292,148.3,-1.170314469,-48.49756529,-1.711735585,800.8625073
754,28604.46878,147.3,0.412824865,-49.66806985,-1.188479397,799.1497303
755,28555.42055,147.3,0.412464814,-49.25447039,-1.18920293,797.9605273
756,28506.78537,148.3,-1.174789593,-48.84123005,-1.71486375,796.7706
757,28456.18085,148.3,-1.176617557,-50.01621043,-1.715909014,795.054691
758,28404.39861,147.3,0.410383561,-51.193019,-1.191378827,793.3377354
759,28353.82176,147.3,0.410024525,-50.78185707,-1.192105897,792.1456295
760,28303.65554,148.3,-1.181105,-50.37105322,-1.719052464,790.9527957
761,28251.51172,148.3,-1.182937899,-51.55234993,-1.720102842,789.2326928
762,28198.18386,147.3,0.407943889,-52.73547979,-1.19429244,787.5115383
763,28146.0609,147.3,0.407585883,-52.32675371,-1.195023071,786.3165153
764,28094.34613,148.3,-1.18743773,-51.91838468,-1.723261692,785.1207607
765,28040.64547,148.3,-1.18927559,-53.10601507,-1.724317222,783.3964434
766,27985.75443,147.3,0.405505894,-54.29548356,-1.197220338,781.6710694
767,27932.06781,147.3,0.405148932,-53.88919164,-1.197954557,780.4731148
768,27878.78696,148.3,-1.193787875,-53.48325571,-1.727491583,779.2744252
769,27823.5119,148.3,-1.195630723,-54.67723719,-1.728552303,777.5458729
770,27767.0401,147.3,0.403069621,-55.87306176,-1.200162627,775.8162585
771,27711.77226,147.3,0.402713718,-55.46920224,-1.200900461,774.6153581
772,27656.90774,148.3,-1.200155531,-55.06569765,-1.731742291,773.4137189
773,27600.04069,148.3,-1.202003394,-56.26604774,-1.732808238,771.6809106
774,27541.97052,147.3,0.400635118,-57.46824594,-1.203119414,769.9470351
775,27485.10384,147.3,0.400280289,-57.06681703,-1.203860889,768.7431743
776,27428.63806,148.3,-1.206540794,-56.66574196,-1.736013969,767.538571
777,27370.16139,148.3,-1.208393699,-57.87247828,-1.737085183,765.8014858
778,27310.47519,147.3,0.398202432,-59.08106774,-1.206090806,764.0633281
779,27251.99205,147.3,0.39784869,-58.68206759,-1.206835949,762.8564921
780,27193.90738,148.3,-1.21294376,-58.28342019,-1.740306773,761.6489101
781,27133.80342,148.3,-1.214801734,-59.49656044,-1.741383293,759.9075268
782,27072.48353,147.3,0.395771609,-60.7115589,-1.209076912,758.1650657
783,27012.36625,147.3,0.395418972,-60.31498562,-1.20982575,756.9552399
784,26952.64502,148.3,-1.219364526,-59.91876397,-1.74462086,755.7446644
785,26890.89608,148.3,-1.221227597,-61.13832596,-1.745702726,753.9989617
786,26827.92478,147.3,0.3933427,-62.35975127,-1.21207784,752.2521757
787,26766.15568,147.3,0.392991181,-61.96560291,-1.212830401,751.0393453
788,26704.78019,148.3,-1.22580319,-61.57180506,-1.748956389,749.8257614
789,26641.36855,148.3,-1.227671387,-62.7978067,-1.75004364,748.0757178
790,26576.7281,147.3,0.390915751,-64.02567678,-1.215093702,746.3245856
791,26513.28943,147.3,0.390565367,-63.63395135,-1.215850014,745.1087355
792,26450.24197,148.3,-1.232259852,-63.2425753,-1.753313519,743.8921283
793,26385.14987,148.3,-1.234133201,-64.47503459,-1.754406196,742.1377221
794,26318.82249,147.3,0.388490815,-65.70936748,-1.21812461,740.3822218
795,26253.6965,147.3,0.38814158,-65.32006294,-1.218884701,739.1633371
796,26188.95929,148.3,-1.238734611,-64.93110662,-1.757692414,737.9436914
797,26122.16894,148.3,-1.240613141,-66.17004166,-1.758790557,736.1849008
798,26054.13684,147.3,0.38606794,-67.41085549,-1.221170676,734.4250108
799,25987.30573,145.3,-0.355721805,-67.02396975,1.6980088,733.2030762
800,25919.74952,144.3,-2.044146652,-67.37933683,1.395186063,734.9021478
801,25849.30358,144.3,-2.043518222,-69.42418705,1.396059909,736.2982078
802,25776.81372,145.3,-0.350370324,-71.46840973,1.701201338,737.6951426
803,25704.8211,147.3,0.394911457,-71.81842399,-1.224999748,739.3974108
804,25633.59569,148.3,-1.240127656,-71.4226896,-1.76651615,738.1716423
805,25560.31167,148.3,-1.242016633,-72.66301971,-1.76762535,736.404017
806,25485.78447,147.3,0.392839746,-73.90523905,-1.22730874,734.6352811
807,25412.46915,145.3,-0.352676726,-73.51157326,1.706548997,733.4072007
808,25338.42991,144.3,-2.049597118,-73.86389168,1.402207617,735.1148233
809,25261.49123,144.3,-2.048969081,-75.91419947,1.403090283,736.5179136
810,25182.50318,145.3,-0.347292908,-77.96388012,1.709773761,737.9218876
811,25104.01971,147.3,0.401748549,-78.31081337,-1.231176462,739.632739
812,25026.31218,148.3,-1.241535814,-77.90823355,-1.775428925,738.4007861
813,24946.54049,148.3,-1.243435355,-79.14997387,-1.776549349,736.6242367
814,24865.52421,147.3,0.399678912,-80.39361399,-1.233508819,734.8465655
815,24785.73078,145.3,-0.349601922,-79.99310066,1.715175535,733.6122773
816,24705.21463,144.3,-2.055103783,-80.34234064,1.409300203,735.3285373
817,24621.78923,144.3,-2.05447618,-82.39816231,1.410191824,736.7387291
818,24536.30895,145.3,-0.344185384,-84.45335729,1.718433015,738.1498137
819,24451.34068,147.3,0.408653873,-84.79717936,-1.237415781,739.8693353
820,24367.15715,148.3,-1.242959321,-84.38768577,-1.784432093,738.6311351
821,24280.90386,148.3,-1.244869543,-85.63085168,-1.785563913,736.8455712
822,24193.40455,147.3,0.406586459,-86.87592807,-1.23977186,735.0588741
823,24107.13917,145.3,-0.346496946,-86.46849869,1.72388973,733.8183148
824,24020.1523,144.3,-2.060667512,-86.81463001,1.416464904,735.5433001
825,23930.24625,144.3,-2.060040385,-88.87602273,1.417365618,736.9606657
826,23838.27976,145.3,-0.341047299,-90.93678924,1.727180426,738.3789332
827,23746.83277,147.3,0.415628466,-91.27746952,-1.24371866,740.1072133
828,23656.17943,148.3,-1.244398417,-90.86099276,-1.793527035,738.8627023
829,23563.45067,148.3,-1.24631944,-92.10559987,-1.794670426,737.0680318
830,23469.47442,147.3,0.413563427,-93.35212827,-1.246098826,735.2722166
831,23376.74332,145.3,-0.343361341,-92.93771331,1.732692925,734.0253223
832,23283.29194,142.3,-1.73754362,-93.28070527,-1.634787926,735.759122
833,23187.40336,140.3,0.906334481,-95.01877142,-0.063119496,734.1232892
834,23093.74581,139.3,0.119774155,-94.11126791,1.504978464,734.0601293
835,22999.81592,139.3,0.121877449,-93.99082731,1.505941586,735.5660709
836,22906.00963,140.3,0.912660402,-93.86828256,-0.063240755,737.0729768
837,22813.51207,142.3,-1.738969747,-92.95444863,-1.640025603,737.0096956
838,22717.94759,145.3,-0.339484118,-94.69394426,1.740469804,735.3686184
839,22622.74581,147.3,0.42302029,-95.03305568,-1.253294297,737.1102049
840,22528.34798,148.3,-1.249789095,-94.60917398,-1.807344622,735.856106
841,22431.86294,148.3,-1.251726546,-95.859175,-1.808505704,734.0476003
842,22334.125,147.3,0.420959111,-97.11111374,-1.25571129,732.237932
843,22237.64602,145.3,-0.341801746,-96.6892899,1.746067597,730.9814129
844,22140.44542,142.3,-1.746749785,-97.03071655,-1.64741499,732.7286044
845,22040.793,140.3,0.917558657,-98.77799696,-0.063607344,731.0801284
846,21943.39309,139.3,0.124924231,-97.85925113,1.516617867,731.01648
847,21845.72297,139.3,0.127048996,-97.7336501,1.517595949,732.534076
848,21748.18163,140.3,0.923960909,-97.60592343,-0.063730486,734.0526513
849,21651.96341,142.3,-1.74820734,-96.68077075,-1.652734023,733.9888796
850,21552.65873,145.3,-0.337874315,-98.42951215,1.753965273,732.3350777
851,21453.72382,147.3,0.430549229,-98.76700796,-1.263018528,734.090177
852,21355.60334,148.3,-1.255241039,-98.3355839,-1.821376766,732.8263413
853,21255.3837,148.3,-1.257195201,-99.59104017,-1.822555953,731.0037854
854,21153.90568,147.3,0.42849228,-100.8484509,-1.265473209,729.1800487
855,21053.70068,145.3,-0.340195362,-100.4190804,1.759650353,727.9137552
856,20952.77272,142.3,-1.756076718,-100.7588948,-1.660238635,729.6745469
857,20849.3781,140.3,0.92898027,-102.5155104,-0.064102791,728.0132307
858,20748.25784,139.3,0.130177202,-101.5853244,1.528438709,727.9490862
859,20646.86954,139.3,0.132323855,-101.4544598,1.529432103,729.4785183
860,20545.61533,140.3,0.935460475,-101.3214477,-0.064227861,731.0089451
861,20445.69886,142.3,-1.757566512,-100.3847767,-1.665640935,730.9446755
862,20342.67613,143.3,-2.779034991,-102.1428857,-0.199156024,729.2779498
863,20236.36278,143.3,-2.780432514,-104.923128,-0.199285801,729.078664
864,20127.2671,142.3,-1.761166616,-107.7047695,-1.668899223,728.8792483
865,20016.91896,140.3,0.937903207,-109.4664807,-0.0644374,727.2092601
866,19908.86113,139.3,0.134934091,-108.5273591,1.536422177,727.1447807
867,19800.53795,139.3,0.137095573,-108.3917304,1.537425979,728.6822066
868,19692.35364,140.3,0.944436304,-108.2539394,-0.06456378,730.2206377
869,19585.51816,142.3,-1.762678367,-107.3082799,-1.674358123,730.1560317
870,19475.56424,143.3,-2.789499089,-109.0715064,-0.200198996,728.4805775
871,19362.30656,143.3,-2.790910293,-111.8622256,-0.200330136,728.2802474
872,19246.25604,142.3,-1.766305911,-114.6543575,-1.677650639,728.0797859
873,19128.9506,140.3,0.946923776,-116.4212137,-0.06477552,726.4010349
874,19013.95159,137.3,-2.778140686,-115.4730587,0.329063325,726.3362169
875,18894.30965,135.3,-0.458064889,-118.2524139,-1.819561055,726.6654963
876,18775.36974,134.3,0.856140411,-118.7101695,-0.587493601,724.8447395
877,18657.94526,134.3,0.856754402,-117.8528542,-0.587879956,724.2568595
878,18541.37902,135.3,-0.459995208,-116.9949233,-1.82315323,723.6685927
879,18423.6937,137.3,-2.788514888,-117.454608,0.330146766,721.8442389
880,18302.05464,140.3,0.951543694,-120.2443454,-0.065074299,722.1746032
881,18183.23945,142.3,-1.776981047,-119.2915591,-1.687606341,722.109486
882,18061.28078,143.3,-2.811936134,-121.069097,-0.201784099,720.4207662
883,17935.99182,143.3,-2.813368254,-123.8822726,-0.201917325,720.2188489
884,17807.88754,142.3,-1.780650464,-126.696882,-1.690951219,720.0167981
885,17678.51803,140.3,0.9540998,-128.4780915,-0.065289406,718.324729
886,17551.47294,137.3,-2.800526571,-127.5227409,0.331675623,718.2593964
887,17419.74771,135.3,-0.462030172,-130.3245013,-1.834015363,718.5912916
888,17288.72976,134.3,0.862624361,-130.7862173,-0.592163649,716.7560613
889,17159.23899,134.3,0.863252649,-129.9223992,-0.592556174,716.1635052
890,17030.61298,135.3,-0.463968395,-129.0579513,-1.837664894,715.5705559
891,16900.85867,137.3,-2.81103209,-129.5216043,0.332776363,713.7316713
892,16767.11881,138.3,-1.67153573,-132.3338784,1.754528661,714.0646687
893,16632.27774,138.3,-1.670346325,-134.0058999,1.755694768,715.8203635
894,16495.76643,137.3,-2.811094047,-135.6767326,0.33344032,717.5772259
895,16355.87134,135.3,-0.460153878,-138.4890736,-1.843779829,717.9108881
896,16216.69164,134.3,0.871559615,-138.9489099,-0.595318482,716.0658804
897,16079.05159,134.3,0.872197646,-138.0761439,-0.595715202,715.4701652
898,15942.28527,135.3,-0.462097375,-137.2027382,-1.847468363,714.8740528
899,15804.38898,135.3,-0.463542404,-137.6645167,-1.848701156,713.0253516
900,15666.02875,134.3,0.871728857,-138.1277399,-0.596908538,711.175416
901,15529.21014,132.3,-1.156782568,-137.2547981,1.900212432,710.5781086
902,15390.22086,131.3,-2.657283718,-138.411723,0.848226511,712.4795916
903,15247.82189,131.3,-2.657621379,-141.0701542,0.848794037,713.3283856
904,15102.76399,132.3,-1.153775426,-143.7289246,1.904029132,714.177748
905,14957.3051,134.3,0.882491915,-144.8828429,-0.598908093,716.0830527
906,14813.74754,135.3,-0.458952894,-143.99913,-1.857376991,715.4837431
907,14669.05957,135.3,-0.460403959,-144.4577606,-1.858623048,713.6251201
908,14523.9108,134.3,0.882040173,-144.9178418,-0.600114269,711.7652493
909,14380.31758,132.3,-1.157366255,-144.0345757,1.910424485,711.1647319
910,14234.54765,129.3,-0.999518723,-145.1920857,-1.922783296,713.0764406
911,14087.85531,127.3,0.830182771,-146.1916434,0.748035134,711.1523639
912,13942.91109,126.3,-0.613678827,-145.3602667,1.89792501,711.9009026
913,13796.63154,126.3,-0.611645099,-145.9737239,1.899203416,713.800106
914,13649.74159,127.3,0.838108837,-146.585147,0.749547738,715.7005895
915,13504.41576,129.3,-0.996494526,-145.7458395,-1.929267777,716.4506428
916,13357.1742,132.3,-1.155175464,-146.7423732,1.919450495,714.5200729
917,13208.69976,134.3,0.897594254,-147.8976938,-0.603762124,716.4408198
918,13062.15003,135.3,-0.454720071,-146.9988587,-1.872440837,715.8366496
919,12914.46869,135.3,-0.456180278,-147.4532512,-1.873707195,713.9629424
920,12766.33077,134.3,0.897168829,-147.9091035,-0.604987951,712.0879671
921,12619.769,132.3,-1.158801323,-147.0106887,1.92595004,711.4825695
922,12471.02081,129.3,-0.999671311,-148.1696362,-1.938419878,713.4098247
923,12321.35068,125.3,-2.373004874,-149.1693471,1.312083046,711.4700903
924,12168.62099,122.3,0.289274666,-151.5433222,-1.501748547,712.7830637
925,12017.51212,120.3,-0.089597685,-151.2532115,1.745655666,711.2802954
926,11866.12622,119.3,-1.950004533,-151.342229,1.662722825,713.0271373
927,11711.85875,119.3,-1.949102669,-153.2929192,1.663853465,714.6909908
928,11555.64194,120.3,-0.083012057,-155.2427085,1.74921919,716.3559764
929,11400.27642,122.3,0.298545465,-155.325138,-1.506861391,718.1063867
930,11245.39964,125.3,-2.374931605,-155.0257508,1.318341262,716.5984985
931,11086.81065,127.3,0.860825041,-157.401662,0.758236051,717.9177387
932,10930.70243,128.3,0.674214595,-156.5396102,-1.103912147,718.6764921
933,10775.17527,128.3,0.674260237,-155.864296,-1.104665875,717.5718262
934,10620.32348,127.3,0.863125409,-155.1889346,0.759790234,716.4664056
935,10466.43145,125.3,-2.379243491,-154.3245775,1.322848092,717.2267153
936,10308.53716,122.3,0.304885763,-156.7048073,-1.514078142,718.5504685
937,10152.29023,118.3,-2.896432538,-156.3990717,0.050279894,717.0353537
938,9991.544522,115.3,0.995380392,-159.296846,-0.326393402,717.085668
939,9833.742579,113.3,-1.446180461,-158.3001403,1.894976285,716.7590509
940,9673.27355,112.3,-2.806670285,-159.7466693,0.596757395,718.6553272
941,9509.315234,112.3,-2.807384567,-162.5546236,0.597167086,719.2524943
942,9342.54789,113.3,-1.444278361,-165.363294,1.898881832,719.8500716
943,9175.01856,115.3,1.006476056,-166.8079224,-0.327515335,721.7502589
944,9009.722197,118.3,-2.901678385,-165.8001118,0.050522023,721.4225183
945,8839.567559,120.3,-0.068117721,-168.703145,1.769690516,721.4730751
946,8670.763977,121.3,1.02618926,-168.7706665,0.228021533,723.2439847
947,8503.534728,121.3,1.027756841,-167.7431273,0.228178724,723.4721634
948,8337.335372,120.3,-0.064201292,-166.7140188,1.773352946,723.7004996
949,8170.526796,118.3,-2.904604516,-166.7776213,0.050696404,725.4750767
950,7999.390246,115.3,1.019458627,-169.68359,-0.32909906,725.5258081
951,7831.237708,111.3,-2.454289448,-168.662784,-1.260933356,725.1964816
952,7658.891307,108.3,0.756787343,-171.1181278,1.033932453,723.9346759
953,7488.910606,106.3,-2.574067541,-170.3601719,1.105453318,724.9693241
954,7314.688153,105.3,-2.748839636,-172.9353781,-0.786453193,726.0755432
955,7137.627248,105.3,-2.750851857,-175.6854791,-0.786998355,725.2885448
956,6957.81322,106.3,-2.577935095,-178.437594,1.107753783,724.5010006
957,6775.507538,108.3,0.764244237,-181.0166725,1.037520992,725.6095233
958,6595.639492,111.3,-2.460316157,-180.2512516,-1.26706458,726.647765
959,6411.695564,113.3,-1.445018373,-182.7126324,1.921320944,725.3798197
960,6226.815784,114.3,0.411280566,-184.1580091,1.472572967,727.3024771
961,6043.276797,114.3,0.413618854,-183.7457963,1.473598005,728.7760751
962,5860.153533,113.3,-1.441447425,-183.3312438,1.925335954,730.2506995
963,5674.660497,111.3,-2.460378397,-184.773051,-1.271480659,732.1773776
964,5486.194663,108.3,0.777567862,-187.2345015,1.042586999,730.90501
965,5300.128794,104.3,-1.247459813,-186.4557455,-1.971083323,731.9483248
966,5111.800578,101.3,-0.326355669,-187.7034315,1.906990703,729.9758646
967,4923.609152,99.3,-2.908443653,-188.0293683,-0.248946052,731.8841883
968,4731.214917,98.3,-1.7874203,-190.9392003,-1.805875685,731.6350681
969,4537.592817,98.3,-1.789748951,-192.727225,-1.807139769,729.8279283
970,4342.179198,99.3,-2.916301793,-194.5175793,-0.249469193,728.0195227
971,4143.284956,101.3,-0.326360481,-197.4352752,1.913674376,727.7698786
972,3945.361686,104.3,-1.251209434,-197.761214,-1.980761737,729.6848954
973,3745.72237,106.3,-2.594536461,-199.0126518,1.120972767,727.7027433
974,3542.816692,107.3,-0.883922816,-201.6083591,2.009681189,728.8245034
975,3339.883453,107.3,-0.881973986,-202.4922519,2.011093867,730.8355973
976,3136.069245,106.3,-2.593144722,-203.3741959,1.123338348,732.8481058
977,2928.804105,104.3,-1.248264147,-205.9685164,-1.987733286,733.9722349
978,2720.961898,101.3,-0.319375779,-207.2170106,1.923110615,731.9831014
979,2513.267381,97.3,0.139447998,-207.5359604,-1.71551735,733.9075677
980,2305.940897,92.3,-2.268376889,-207.3957639,-1.505312231,732.1908402
981,2095.140425,88.3,-1.185115631,-209.6650902,2.003229838,730.6844653
982,1883.698341,85.3,-0.947972005,-210.8503897,-2.02133935,732.6891103
983,1671.425002,83.3,0.924868812,-211.7983794,0.818980419,730.666342
984,1461.01628,82.3,-0.613593318,-210.872202,2.000402853,731.4859018
985,1249.224973,82.3,-0.611463553,-211.4855756,2.001818963,733.4877208
986,1036.823487,83.3,0.933403181,-212.096819,0.820720951,735.4909578
987,826.1291361,85.3,-0.944603862,-211.1621017,-2.028504152,736.3122606
